{
  "train": {
    "accuracy": 0.8525641025641025,
    "precision": 0.9411764705882353,
    "recall": 0.42105263157894735,
    "f1": 0.5818181818181818,
    "tp": 16,
    "tn": 117,
    "fp": 1,
    "fn": 22
  },
  "val": {
    "accuracy": 0.8543689320388349,
    "precision": 0.9090909090909091,
    "recall": 0.4166666666666667,
    "f1": 0.5714285714285715,
    "tp": 10,
    "tn": 78,
    "fp": 1,
    "fn": 14
  },
  "test": {
    "accuracy": 0.23333333333333334,
    "precision": 1.0,
    "recall": 0.23333333333333334,
    "f1": 0.37837837837837834,
    "tp": 21,
    "tn": 0,
    "fp": 0,
    "fn": 69
  }
}